{"cameraMode":{"drawMode":0,"name":"Shaded","section":"Shading Mode"},"sceneLighting":true,"audioPlay":false,"sceneViewState":{"m_AlwaysRefresh":false,"showFog":true,"showSkybox":true,"showFlares":true,"showImageEffects":true,"showParticleSystems":true,"showVisualEffectGraphs":true,"m_FxEnabled":true},"in2DMode":false,"pivot":{"x":751.5936279296875,"y":851.8848266601563,"z":-95.40152740478516},"rotation":{"x":0.02722839079797268,"y":0.07070121169090271,"z":-0.0019308982882648707,"w":0.9971253275871277},"size":1153.4969482421875,"orthographic":false}